Workbook

Sheet noncumulative
A1: 2023 | B1: Jan | C1: Feb | D1: Mar | E1: Apr | F1: May | G1: Jun | H1: Jul | I1: Aug | J1: Sep | K1: Oct | L1: Nov | M1: Dec | N1: Year-End
A2: Written | B2: 922819.06 | C2: 847190.91 | D2: 995154.17 | E2: 981612.61 | F2: 952273.28 | G2: 1042681.5 | H2: 859388.24 | I2: 838934.49 | J2: 1028181.6 | K2: 1059737.5 | L2: 993236.61 | M2: 886912.39 | N2: =SUM(B2:M2) -> 11408122
A3: Invoiced | B3: 853167.64 | C3: 869459.97 | D3: 1012409.2 | E3: 932832.01 | F3: 986972.38 | G3: 958062.17 | H3: 843080.71 | I3: 863429.9 | J3: 955823.17 | K3: 980276.74 | L3: 981098.45 | M3: 853137.86 | N3: =SUM(B3:M3) -> 11089750
A4: Goal | B4: 855000 | C4: 865000 | D4: 880000 | E4: 890000 | F4: 900000 | G4: 910000 | H4: 920000 | I4: 935000 | J4: 945000 | K4: 955000 | L4: 965000 | M4: 980000 | N4: =SUM(B4:M4) -> 11000000
A6: 2024 | B6: Jan | C6: Feb | D6: Mar | E6: Apr | F6: May | G6: Jun | H6: Jul | I6: Aug | J6: Sep | K6: Oct | L6: Nov | M6: Dec | N6: Year-End
A7: Written | B7: 922759.59 | C7: 971020.75 | D7: 1081854.9 | E7: 1073530.3 | F7: 1073323.6 | G7: 1059153.3 | H7: 1005562 | I7: 928367.33 | J7: 1091174.9 | K7: 1120157.8 | L7: 992013.03 | M7: 909320.9 | N7: =SUM(B7:M7) -> 12228238
A8: Invoiced | B8: 955672.31 | C8: 959340.9 | D8: 1086548.7 | E8: 1036098.1 | F8: 1086450.6 | G8: 1089955.5 | H8: 935888.17 | I8: 841343.7 | J8: 992671.14 | K8: 1012539.5 | L8: 988117.9 | M8: 875012.52 | N8: =SUM(B8:M8) -> 11859639
A9: Goal | B9: 975000 | C9: 985000 | D9: 1000000 | E9: 1010000 | F9: 1025000 | G9: 1035000 | H9: 1050000 | I9: 1060000 | J9: 1075000 | K9: 1085000 | L9: 1100000 | M9: 1100000 | N9: =SUM(B9:M9) -> 12500000
A11: 2025 | B11: Jan | C11: Feb | D11: Mar | E11: Apr | F11: May | G11: Jun | H11: Jul | I11: Aug | J11: Sep | K11: Oct | L11: Nov | M11: Dec | N11: Year-End
A12: Written | B12: 1051378.9 | C12: 993388.1 | D12: 1145096 | E12: 1144921.4 | F12: 1116082.2 | G12: 1220750.1 | H12: 951026.71 | I12: 969709.3 | J12: 1052806.3 | K12: 1142984.8 | L12: 1101604.2 | M12: 989477.96 | N12: =SUM(B12:M12) -> 12879226
A13: Invoiced | B13: 948545.55 | C13: 990818.99 | D13: 1149940.2 | E13: 1086995.5 | F13: 1103752.6 | G13: 1099456.6 | H13: 1033675.4 | I13: 904069.69 | J13: 1146812.6 | K13: 1096276.7 | L13: 1085240.6 | M13: 1015841.5 | N13: =SUM(B13:M13) -> 12661426
A14: Goal | B14: 1030000 | C14: 1045000 | D14: 1060000 | E14: 1070000 | F14: 1085000 | G14: 1100000 | H14: 1110000 | I14: 1125000 | J14: 1135000 | K14: 1150000 | L14: 1165000 | M14: 1175000 | N14: =SUM(B14:M14) -> 13250000
A16: 2026 | B16: Jan | C16: Feb | D16: Mar | E16: Apr | F16: May | G16: Jun | H16: Jul | I16: Aug | J16: Sep | K16: Oct | L16: Nov | M16: Dec | N16: Year-End
A17: Written | B17: 1031634.8 | C17: 1110602.7 | D17: 1260781.4 | E17: 1138519.9 | F17: 1156714.6 | G17: 1290895.2 | H17: 1056582.1 | N17: =SUM(B17:M17) -> 8045730.7
A18: Invoiced | B18: 1074407 | C18: 1001516.8 | D18: 1249785.3 | E18: 1154729.6 | F18: 1234564.5 | G18: 1272769.5 | H18: 1067937 | N18: =SUM(B18:M18) -> 8055709.8
A19: Goal | B19: 1120000 | C19: 1135000 | D19: 1150000 | E19: 1165000 | F19: 1180000 | G19: 1195000 | H19: 1205000 | I19: 1220000 | J19: 1235000 | K19: 1250000 | L19: 1265000 | M19: 1280000 | N19: =SUM(B19:M19) -> 14400000

Sheet 2023
A1: 2023 | B1: Jan | C1: Feb | D1: Mar | E1: Apr | F1: May | G1: Jun | H1: Jul | I1: Aug | J1: Sep | K1: Oct | L1: Nov | M1: Dec | N1: Year-End
A2: Written | B2: =noncumulative!B2 -> 922819.06 | C2: =B2+noncumulative!C2 -> 1770010 | D2: =C2+noncumulative!D2 -> 2765164.1 | E2: =D2+noncumulative!E2 -> 3746776.8 | F2: =E2+noncumulative!F2 -> 4699050 | G2: =F2+noncumulative!G2 -> 5741731.6 | H2: =G2+noncumulative!H2 -> 6601119.8 | I2: =H2+noncumulative!I2 -> 7440054.3 | J2: =I2+noncumulative!J2 -> 8468235.9 | ... M2: =L2+noncumulative!M2 -> 11408122 | N2: =M2 -> 11408122
A3: Invoiced | B3: =noncumulative!B3 -> 853167.64 | C3: =B3+noncumulative!C3 -> 1722627.6 | D3: =C3+noncumulative!D3 -> 2735036.8 | E3: =D3+noncumulative!E3 -> 3667868.8 | F3: =E3+noncumulative!F3 -> 4654841.2 | G3: =F3+noncumulative!G3 -> 5612903.3 | H3: =G3+noncumulative!H3 -> 6455984 | I3: =H3+noncumulative!I3 -> 7319414 | J3: =I3+noncumulative!J3 -> 8275237.1 | ... M3: =L3+noncumulative!M3 -> 11089750 | N3: =M3 -> 11089750
A4: Goal | B4: =noncumulative!B4 -> 855000 | C4: =B4+noncumulative!C4 -> 1720000 | D4: =C4+noncumulative!D4 -> 2600000 | E4: =D4+noncumulative!E4 -> 3490000 | F4: =E4+noncumulative!F4 -> 4390000 | G4: =F4+noncumulative!G4 -> 5300000 | H4: =G4+noncumulative!H4 -> 6220000 | I4: =H4+noncumulative!I4 -> 7155000 | J4: =I4+noncumulative!J4 -> 8100000 | ... M4: =L4+noncumulative!M4 -> 11000000 | N4: =M4 -> 11000000

Sheet 2024
A1: 2024 | B1: Jan | C1: Feb | D1: Mar | E1: Apr | F1: May | G1: Jun | H1: Jul | I1: Aug | J1: Sep | K1: Oct | L1: Nov | M1: Dec | N1: Year-End
A2: Written | B2: =noncumulative!B7 -> 922759.59 | C2: =B2+noncumulative!C7 -> 1893780.3 | D2: =C2+noncumulative!D7 -> 2975635.2 | E2: =D2+noncumulative!E7 -> 4049165.5 | F2: =E2+noncumulative!F7 -> 5122489 | G2: =F2+noncumulative!G7 -> 6181642.4 | H2: =G2+noncumulative!H7 -> 7187204.4 | I2: =H2+noncumulative!I7 -> 8115571.7 | J2: =I2+noncumulative!J7 -> 9206746.6 | ... M2: =L2+noncumulative!M7 -> 12228238 | N2: =M2 -> 12228238
A3: Invoiced | B3: =noncumulative!B8 -> 955672.31 | C3: =B3+noncumulative!C8 -> 1915013.2 | D3: =C3+noncumulative!D8 -> 3001561.9 | E3: =D3+noncumulative!E8 -> 4037660 | F3: =E3+noncumulative!F8 -> 5124110.6 | G3: =F3+noncumulative!G8 -> 6214066.1 | H3: =G3+noncumulative!H8 -> 7149954.3 | I3: =H3+noncumulative!I8 -> 7991298 | J3: =I3+noncumulative!J8 -> 8983969.2 | ... M3: =L3+noncumulative!M8 -> 11859639 | N3: =M3 -> 11859639
A4: Goal | B4: =noncumulative!B9 -> 975000 | C4: =B4+noncumulative!C9 -> 1960000 | D4: =C4+noncumulative!D9 -> 2960000 | E4: =D4+noncumulative!E9 -> 3970000 | F4: =E4+noncumulative!F9 -> 4995000 | G4: =F4+noncumulative!G9 -> 6030000 | H4: =G4+noncumulative!H9 -> 7080000 | I4: =H4+noncumulative!I9 -> 8140000 | J4: =I4+noncumulative!J9 -> 9215000 | ... M4: =L4+noncumulative!M9 -> 12500000 | N4: =M4 -> 12500000

Sheet 2025
A1: 2025 | B1: Jan | C1: Feb | D1: Mar | E1: Apr | F1: May | G1: Jun | H1: Jul | I1: Aug | J1: Sep | K1: Oct | L1: Nov | M1: Dec | N1: Year-End
A2: Written | B2: =noncumulative!B12 -> 1051378.9 | C2: =B2+noncumulative!C12 -> 2044766.9 | D2: =C2+noncumulative!D12 -> 3189863 | E2: =D2+noncumulative!E12 -> 4334784.3 | F2: =E2+noncumulative!F12 -> 5450866.5 | G2: =F2+noncumulative!G12 -> 6671616.6 | H2: =G2+noncumulative!H12 -> 7622643.3 | I2: =H2+noncumulative!I12 -> 8592352.6 | J2: =I2+noncumulative!J12 -> 9645158.9 | ... M2: =L2+noncumulative!M12 -> 12879226 | N2: =M2 -> 12879226
A3: Invoiced | B3: =noncumulative!B13 -> 948545.55 | C3: =B3+noncumulative!C13 -> 1939364.5 | D3: =C3+noncumulative!D13 -> 3089304.8 | E3: =D3+noncumulative!E13 -> 4176300.3 | F3: =E3+noncumulative!F13 -> 5280052.8 | G3: =F3+noncumulative!G13 -> 6379509.5 | H3: =G3+noncumulative!H13 -> 7413184.9 | I3: =H3+noncumulative!I13 -> 8317254.6 | J3: =I3+noncumulative!J13 -> 9464067.1 | ... M3: =L3+noncumulative!M13 -> 12661426 | N3: =M3 -> 12661426
A4: Goal | B4: =noncumulative!B14 -> 1030000 | C4: =B4+noncumulative!C14 -> 2075000 | D4: =C4+noncumulative!D14 -> 3135000 | E4: =D4+noncumulative!E14 -> 4205000 | F4: =E4+noncumulative!F14 -> 5290000 | G4: =F4+noncumulative!G14 -> 6390000 | H4: =G4+noncumulative!H14 -> 7500000 | I4: =H4+noncumulative!I14 -> 8625000 | J4: =I4+noncumulative!J14 -> 9760000 | ... M4: =L4+noncumulative!M14 -> 13250000 | N4: =M4 -> 13250000

Sheet 2026
A1: 2026 | B1: Jan | C1: Feb | D1: Mar | E1: Apr | F1: May | G1: Jun | H1: Jul | I1: Aug | J1: Sep | K1: Oct | L1: Nov | M1: Dec | N1: Year-End
A2: Written | B2: =noncumulative!B17 -> 1031634.8 | C2: =B2+noncumulative!C17 -> 2142237.5 | D2: =C2+noncumulative!D17 -> 3403018.9 | E2: =D2+noncumulative!E17 -> 4541538.8 | F2: =E2+noncumulative!F17 -> 5698253.4 | G2: =F2+noncumulative!G17 -> 6989148.7 | H2: =G2+noncumulative!H17 -> 8045730.7 | N2: =H2 -> 8045730.7
A3: Invoiced | B3: =noncumulative!B18 -> 1074407 | C3: =B3+noncumulative!C18 -> 2075923.8 | D3: =C3+noncumulative!D18 -> 3325709.1 | E3: =D3+noncumulative!E18 -> 4480438.7 | F3: =E3+noncumulative!F18 -> 5715003.2 | G3: =F3+noncumulative!G18 -> 6987772.8 | H3: =G3+noncumulative!H18 -> 8055709.8 | N3: =H3 -> 8055709.8
A4: Goal | B4: =noncumulative!B19 -> 1120000 | C4: =B4+noncumulative!C19 -> 2255000 | D4: =C4+noncumulative!D19 -> 3405000 | E4: =D4+noncumulative!E19 -> 4570000 | F4: =E4+noncumulative!F19 -> 5750000 | G4: =F4+noncumulative!G19 -> 6945000 | H4: =G4+noncumulative!H19 -> 8150000 | I4: =H4+noncumulative!I19 -> 9370000 | J4: =I4+noncumulative!J19 -> 10605000 | ... M4: =L4+noncumulative!M19 -> 14400000 | N4: =M4 -> 14400000

Sheet other_years
B1: Jan | C1: Feb | D1: Mar | E1: Apr | F1: May | G1: Jun | H1: Jul | I1: Aug | J1: Sep | K1: Oct | L1: Nov | M1: Dec | N1: Year-End
A2: 2022 | B2: 884766.4 | C2: 1788061 | D2: 2735037.6 | E2: 3672200.1 | F2: 4607477 | G2: 5589225.5 | H2: 6443451 | I2: 7258625.4 | J2: 8246223.7 | K2: 9196214.8 | L2: 10137817 | M2: 10950841 | N2: =M2 -> 10950841
A3: 2021 | B3: 837532.47 | C3: 1618738.9 | D3: 2539099 | E3: 3433959.4 | F3: 4313156.2 | G3: 5268747.2 | H3: 6086611.6 | I3: 6849831.4 | J3: 7777535.6 | K3: 8684177.4 | L3: 9498715.6 | M3: 10309738 | N3: =M3 -> 10309738
A4: 2020 | B4: 743500.18 | C4: 1409649.9 | D4: 2228412.1 | E4: 3010272.2 | F4: 3806158.2 | G4: 4676290.2 | H4: 5362787.1 | I4: 6086709.8 | J4: 6854566.4 | K4: 7638236.8 | L4: 8379325.9 | M4: 9100687.5 | N4: =M4 -> 9100687.5
A5: 2019 | B5: 766906.36 | C5: 1436574.8 | D5: 2282379.2 | E5: 3037088.3 | F5: 3855334.1 | G5: 4658189.5 | H5: 5372150.7 | I5: 6051014 | J5: 6865404.5 | K5: 7672145.5 | L5: 8496280.5 | M5: 9214308.7 | N5: =M5 -> 9214308.7
A6: 2018 | B6: 671513.97 | C6: 1317456.1 | D6: 2071372.7 | E6: 2831068.8 | F6: 3607661 | G6: 4442553.2 | H6: 5098190.5 | I6: 5768906.5 | J6: 6555349.4 | K6: 7313333.3 | L6: 8038115 | M6: 8707315 | N6: =M6 -> 8707315

Sheet README
A1: SYNTHETIC DATA -- NOT REAL BUSINESS RECORDS
A3: Every figure in this workbook was randomly generated from the parameters
A4: listed below. No value is derived from, scaled from, or transformed out of
A5: any real sales record. There is no factor that recovers actual figures.
A7: Generation parameters
A8: Random seed: 20260828 (regenerating with this seed reproduces the file exactly)
A9: Annual written volume: $8.6M (2018) rising to $13.9M (2026 full-year pace)
A10: Annual goal: $11.0M (2023), $12.5M (2024), $13.25M (2025), $14.4M (2026)
A11: Invoiced-to-written ratio: 0.964 - 0.985 depending on year
A12: Seasonal curve: mild, 0.90x - 1.10x of the monthly mean, same every year
A13: Month-level random noise: +/- 6%
A14: Goal increments rounded to the nearest $5,000; December absorbs the remainder
... A21: Year-End on a partial row sums only the months present (YTD, not projected).
